inventory_date,room_type,total_rooms,out_of_service_rooms,available_rooms
2024-01-01,Single,6,0,6
2024-01-01,Double,14,1,13
2024-01-01,Suite,5,0,5
2024-01-02,Single,6,0,6
2024-01-02,Double,14,1,13
2024-01-02,Suite,5,0,5
2024-01-03,Single,6,0,6
2024-01-03,Double,14,1,13
2024-01-03,Suite,5,0,5
2024-01-04,Single,6,0,6
2024-01-04,Double,14,1,13
2024-01-04,Suite,5,0,5
2024-01-05,Single,6,0,6
2024-01-05,Double,14,1,13
2024-01-05,Suite,5,0,5
2024-01-06,Single,6,0,6
2024-01-06,Double,14,1,13
2024-01-06,Suite,5,0,5
2024-01-07,Single,6,0,6
2024-01-07,Double,14,1,13
2024-01-07,Suite,5,0,5
2024-01-08,Single,6,0,6
2024-01-08,Double,14,1,13
2024-01-08,Suite,5,0,5
2024-01-09,Single,6,0,6
2024-01-09,Double,14,1,13
2024-01-09,Suite,5,0,5
2024-01-10,Single,6,0,6
2024-01-10,Double,14,1,13
2024-01-10,Suite,5,0,5
2024-01-11,Single,6,0,6
2024-01-11,Double,14,1,13
2024-01-11,Suite,5,0,5
2024-01-12,Single,6,0,6
2024-01-12,Double,14,1,13
2024-01-12,Suite,5,0,5
2024-01-13,Single,6,0,6
2024-01-13,Double,14,1,13
2024-01-13,Suite,5,0,5
2024-01-14,Single,6,0,6
2024-01-14,Double,14,1,13
2024-01-14,Suite,5,0,5
2024-01-15,Single,6,0,6
2024-01-15,Double,14,1,13
2024-01-15,Suite,5,0,5
2024-01-16,Single,6,0,6
2024-01-16,Double,14,1,13
2024-01-16,Suite,5,0,5
2024-01-17,Single,6,0,6
2024-01-17,Double,14,1,13
2024-01-17,Suite,5,0,5
2024-01-18,Single,6,0,6
2024-01-18,Double,14,1,13
2024-01-18,Suite,5,0,5
2024-01-19,Single,6,0,6
2024-01-19,Double,14,1,13
2024-01-19,Suite,5,0,5
2024-01-20,Single,6,0,6
2024-01-20,Double,14,1,13
2024-01-20,Suite,5,0,5
2024-01-21,Single,6,0,6
2024-01-21,Double,14,1,13
2024-01-21,Suite,5,0,5
2024-01-22,Single,6,0,6
2024-01-22,Double,14,1,13
2024-01-22,Suite,5,0,5
2024-01-23,Single,6,0,6
2024-01-23,Double,14,1,13
2024-01-23,Suite,5,0,5
2024-01-24,Single,6,0,6
2024-01-24,Double,14,1,13
2024-01-24,Suite,5,0,5
2024-01-25,Single,6,0,6
2024-01-25,Double,14,1,13
2024-01-25,Suite,5,0,5
2024-01-26,Single,6,0,6
2024-01-26,Double,14,1,13
2024-01-26,Suite,5,0,5
2024-01-27,Single,6,0,6
2024-01-27,Double,14,1,13
2024-01-27,Suite,5,0,5
2024-01-28,Single,6,0,6
2024-01-28,Double,14,1,13
2024-01-28,Suite,5,0,5
2024-01-29,Single,6,0,6
2024-01-29,Double,14,1,13
2024-01-29,Suite,5,0,5
2024-01-30,Single,6,0,6
2024-01-30,Double,14,1,13
2024-01-30,Suite,5,0,5
2024-01-31,Single,6,0,6
2024-01-31,Double,14,1,13
2024-01-31,Suite,5,0,5
2024-02-01,Single,6,0,6
2024-02-01,Double,14,1,13
2024-02-01,Suite,5,0,5
2024-02-02,Single,6,0,6
2024-02-02,Double,14,1,13
2024-02-02,Suite,5,0,5
2024-02-03,Single,6,0,6
2024-02-03,Double,14,1,13
2024-02-03,Suite,5,0,5
2024-02-04,Single,6,0,6
2024-02-04,Double,14,1,13
2024-02-04,Suite,5,0,5
2024-02-05,Single,6,0,6
2024-02-05,Double,14,1,13
2024-02-05,Suite,5,0,5
2024-02-06,Single,6,0,6
2024-02-06,Double,14,1,13
2024-02-06,Suite,5,0,5
2024-02-07,Single,6,0,6
2024-02-07,Double,14,1,13
2024-02-07,Suite,5,0,5
2024-02-08,Single,6,0,6
2024-02-08,Double,14,1,13
2024-02-08,Suite,5,0,5
2024-02-09,Single,6,0,6
2024-02-09,Double,14,1,13
2024-02-09,Suite,5,0,5
2024-02-10,Single,6,0,6
2024-02-10,Double,14,1,13
2024-02-10,Suite,5,0,5
2024-02-11,Single,6,0,6
2024-02-11,Double,14,1,13
2024-02-11,Suite,5,0,5
2024-02-12,Single,6,0,6
2024-02-12,Double,14,1,13
2024-02-12,Suite,5,0,5
2024-02-13,Single,6,0,6
2024-02-13,Double,14,1,13
2024-02-13,Suite,5,0,5
2024-02-14,Single,6,0,6
2024-02-14,Double,14,1,13
2024-02-14,Suite,5,0,5
2024-02-15,Single,6,0,6
2024-02-15,Double,14,1,13
2024-02-15,Suite,5,0,5
2024-02-16,Single,6,0,6
2024-02-16,Double,14,1,13
2024-02-16,Suite,5,0,5
2024-02-17,Single,6,0,6
2024-02-17,Double,14,1,13
2024-02-17,Suite,5,0,5
2024-02-18,Single,6,0,6
2024-02-18,Double,14,1,13
2024-02-18,Suite,5,0,5
2024-02-19,Single,6,0,6
2024-02-19,Double,14,1,13
2024-02-19,Suite,5,0,5
2024-02-20,Single,6,0,6
2024-02-20,Double,14,1,13
2024-02-20,Suite,5,0,5
2024-02-21,Single,6,0,6
2024-02-21,Double,14,1,13
2024-02-21,Suite,5,0,5
2024-02-22,Single,6,0,6
2024-02-22,Double,14,1,13
2024-02-22,Suite,5,0,5
2024-02-23,Single,6,0,6
2024-02-23,Double,14,1,13
2024-02-23,Suite,5,0,5
2024-02-24,Single,6,0,6
2024-02-24,Double,14,1,13
2024-02-24,Suite,5,0,5
2024-02-25,Single,6,0,6
2024-02-25,Double,14,1,13
2024-02-25,Suite,5,0,5
2024-02-26,Single,6,0,6
2024-02-26,Double,14,1,13
2024-02-26,Suite,5,0,5
2024-02-27,Single,6,0,6
2024-02-27,Double,14,1,13
2024-02-27,Suite,5,0,5
2024-02-28,Single,6,0,6
2024-02-28,Double,14,1,13
2024-02-28,Suite,5,0,5
2024-02-29,Single,6,0,6
2024-02-29,Double,14,1,13
2024-02-29,Suite,5,0,5
2024-03-01,Single,6,0,6
2024-03-01,Double,14,0,14
2024-03-01,Suite,5,0,5
2024-03-02,Single,6,0,6
2024-03-02,Double,14,0,14
2024-03-02,Suite,5,0,5
2024-03-03,Single,6,0,6
2024-03-03,Double,14,0,14
2024-03-03,Suite,5,0,5
2024-03-04,Single,6,0,6
2024-03-04,Double,14,0,14
2024-03-04,Suite,5,0,5
2024-03-05,Single,6,0,6
2024-03-05,Double,14,0,14
2024-03-05,Suite,5,0,5
2024-03-06,Single,6,0,6
2024-03-06,Double,14,0,14
2024-03-06,Suite,5,0,5
2024-03-07,Single,6,0,6
2024-03-07,Double,14,0,14
2024-03-07,Suite,5,0,5
2024-03-08,Single,6,0,6
2024-03-08,Double,14,0,14
2024-03-08,Suite,5,0,5
2024-03-09,Single,6,0,6
2024-03-09,Double,14,0,14
2024-03-09,Suite,5,0,5
2024-03-10,Single,6,0,6
2024-03-10,Double,14,0,14
2024-03-10,Suite,5,0,5
2024-03-11,Single,6,0,6
2024-03-11,Double,14,0,14
2024-03-11,Suite,5,0,5
2024-03-12,Single,6,0,6
2024-03-12,Double,14,0,14
2024-03-12,Suite,5,0,5
2024-03-13,Single,6,0,6
2024-03-13,Double,14,0,14
2024-03-13,Suite,5,0,5
2024-03-14,Single,6,0,6
2024-03-14,Double,14,0,14
2024-03-14,Suite,5,0,5
2024-03-15,Single,6,0,6
2024-03-15,Double,14,0,14
2024-03-15,Suite,5,0,5
2024-03-16,Single,6,0,6
2024-03-16,Double,14,0,14
2024-03-16,Suite,5,0,5
2024-03-17,Single,6,0,6
2024-03-17,Double,14,0,14
2024-03-17,Suite,5,0,5
2024-03-18,Single,6,0,6
2024-03-18,Double,14,0,14
2024-03-18,Suite,5,0,5
2024-03-19,Single,6,0,6
2024-03-19,Double,14,0,14
2024-03-19,Suite,5,0,5
2024-03-20,Single,6,0,6
2024-03-20,Double,14,0,14
2024-03-20,Suite,5,0,5
2024-03-21,Single,6,0,6
2024-03-21,Double,14,0,14
2024-03-21,Suite,5,0,5
2024-03-22,Single,6,0,6
2024-03-22,Double,14,0,14
2024-03-22,Suite,5,0,5
2024-03-23,Single,6,0,6
2024-03-23,Double,14,0,14
2024-03-23,Suite,5,0,5
2024-03-24,Single,6,0,6
2024-03-24,Double,14,0,14
2024-03-24,Suite,5,0,5
2024-03-25,Single,6,0,6
2024-03-25,Double,14,0,14
2024-03-25,Suite,5,0,5
2024-03-26,Single,6,0,6
2024-03-26,Double,14,0,14
2024-03-26,Suite,5,0,5
2024-03-27,Single,6,0,6
2024-03-27,Double,14,0,14
2024-03-27,Suite,5,0,5
2024-03-28,Single,6,0,6
2024-03-28,Double,14,0,14
2024-03-28,Suite,5,0,5
2024-03-29,Single,6,0,6
2024-03-29,Double,14,0,14
2024-03-29,Suite,5,0,5
2024-03-30,Single,6,0,6
2024-03-30,Double,14,0,14
2024-03-30,Suite,5,0,5
2024-03-31,Single,6,0,6
2024-03-31,Double,14,0,14
2024-03-31,Suite,5,0,5
2024-04-01,Single,6,0,6
2024-04-01,Double,14,0,14
2024-04-01,Suite,5,0,5
2024-04-02,Single,6,0,6
2024-04-02,Double,14,0,14
2024-04-02,Suite,5,0,5
2024-04-03,Single,6,0,6
2024-04-03,Double,14,0,14
2024-04-03,Suite,5,0,5
2024-04-04,Single,6,0,6
2024-04-04,Double,14,0,14
2024-04-04,Suite,5,0,5
2024-04-05,Single,6,0,6
2024-04-05,Double,14,0,14
2024-04-05,Suite,5,0,5
2024-04-06,Single,6,0,6
2024-04-06,Double,14,0,14
2024-04-06,Suite,5,0,5
2024-04-07,Single,6,0,6
2024-04-07,Double,14,0,14
2024-04-07,Suite,5,0,5
2024-04-08,Single,6,0,6
2024-04-08,Double,14,0,14
2024-04-08,Suite,5,0,5
2024-04-09,Single,6,0,6
2024-04-09,Double,14,0,14
2024-04-09,Suite,5,0,5
2024-04-10,Single,6,0,6
2024-04-10,Double,14,0,14
2024-04-10,Suite,5,0,5
2024-04-11,Single,6,0,6
2024-04-11,Double,14,0,14
2024-04-11,Suite,5,0,5
2024-04-12,Single,6,0,6
2024-04-12,Double,14,0,14
2024-04-12,Suite,5,0,5
2024-04-13,Single,6,0,6
2024-04-13,Double,14,0,14
2024-04-13,Suite,5,0,5
2024-04-14,Single,6,0,6
2024-04-14,Double,14,0,14
2024-04-14,Suite,5,0,5
2024-04-15,Single,6,0,6
2024-04-15,Double,14,0,14
2024-04-15,Suite,5,0,5
2024-04-16,Single,6,0,6
2024-04-16,Double,14,0,14
2024-04-16,Suite,5,0,5
2024-04-17,Single,6,0,6
2024-04-17,Double,14,0,14
2024-04-17,Suite,5,0,5
2024-04-18,Single,6,0,6
2024-04-18,Double,14,0,14
2024-04-18,Suite,5,0,5
2024-04-19,Single,6,0,6
2024-04-19,Double,14,0,14
2024-04-19,Suite,5,0,5
2024-04-20,Single,6,0,6
2024-04-20,Double,14,0,14
2024-04-20,Suite,5,0,5
2024-04-21,Single,6,0,6
2024-04-21,Double,14,0,14
2024-04-21,Suite,5,0,5
2024-04-22,Single,6,0,6
2024-04-22,Double,14,0,14
2024-04-22,Suite,5,0,5
2024-04-23,Single,6,0,6
2024-04-23,Double,14,0,14
2024-04-23,Suite,5,0,5
2024-04-24,Single,6,0,6
2024-04-24,Double,14,0,14
2024-04-24,Suite,5,0,5
2024-04-25,Single,6,0,6
2024-04-25,Double,14,0,14
2024-04-25,Suite,5,0,5
2024-04-26,Single,6,0,6
2024-04-26,Double,14,0,14
2024-04-26,Suite,5,0,5
2024-04-27,Single,6,0,6
2024-04-27,Double,14,0,14
2024-04-27,Suite,5,0,5
2024-04-28,Single,6,0,6
2024-04-28,Double,14,0,14
2024-04-28,Suite,5,0,5
2024-04-29,Single,6,0,6
2024-04-29,Double,14,0,14
2024-04-29,Suite,5,0,5
2024-04-30,Single,6,0,6
2024-04-30,Double,14,0,14
2024-04-30,Suite,5,0,5
2024-05-01,Single,6,0,6
2024-05-01,Double,14,0,14
2024-05-01,Suite,5,0,5
2024-05-02,Single,6,0,6
2024-05-02,Double,14,0,14
2024-05-02,Suite,5,0,5
2024-05-03,Single,6,0,6
2024-05-03,Double,14,0,14
2024-05-03,Suite,5,0,5
2024-05-04,Single,6,0,6
2024-05-04,Double,14,0,14
2024-05-04,Suite,5,0,5
2024-05-05,Single,6,0,6
2024-05-05,Double,14,0,14
2024-05-05,Suite,5,0,5
2024-05-06,Single,6,0,6
2024-05-06,Double,14,0,14
2024-05-06,Suite,5,0,5
2024-05-07,Single,6,0,6
2024-05-07,Double,14,0,14
2024-05-07,Suite,5,0,5
2024-05-08,Single,6,0,6
2024-05-08,Double,14,0,14
2024-05-08,Suite,5,0,5
2024-05-09,Single,6,0,6
2024-05-09,Double,14,0,14
2024-05-09,Suite,5,0,5
2024-05-10,Single,6,0,6
2024-05-10,Double,14,0,14
2024-05-10,Suite,5,0,5
2024-05-11,Single,6,0,6
2024-05-11,Double,14,0,14
2024-05-11,Suite,5,0,5
2024-05-12,Single,6,0,6
2024-05-12,Double,14,0,14
2024-05-12,Suite,5,0,5
2024-05-13,Single,6,0,6
2024-05-13,Double,14,0,14
2024-05-13,Suite,5,0,5
2024-05-14,Single,6,0,6
2024-05-14,Double,14,0,14
2024-05-14,Suite,5,0,5
2024-05-15,Single,6,0,6
2024-05-15,Double,14,0,14
2024-05-15,Suite,5,0,5
2024-05-16,Single,6,0,6
2024-05-16,Double,14,0,14
2024-05-16,Suite,5,0,5
2024-05-17,Single,6,0,6
2024-05-17,Double,14,0,14
2024-05-17,Suite,5,0,5
2024-05-18,Single,6,0,6
2024-05-18,Double,14,0,14
2024-05-18,Suite,5,0,5
2024-05-19,Single,6,0,6
2024-05-19,Double,14,0,14
2024-05-19,Suite,5,0,5
2024-05-20,Single,6,0,6
2024-05-20,Double,14,0,14
2024-05-20,Suite,5,0,5
2024-05-21,Single,6,0,6
2024-05-21,Double,14,0,14
2024-05-21,Suite,5,0,5
2024-05-22,Single,6,0,6
2024-05-22,Double,14,0,14
2024-05-22,Suite,5,0,5
2024-05-23,Single,6,0,6
2024-05-23,Double,14,0,14
2024-05-23,Suite,5,0,5
2024-05-24,Single,6,0,6
2024-05-24,Double,14,0,14
2024-05-24,Suite,5,0,5
2024-05-25,Single,6,0,6
2024-05-25,Double,14,0,14
2024-05-25,Suite,5,0,5
2024-05-26,Single,6,0,6
2024-05-26,Double,14,0,14
2024-05-26,Suite,5,0,5
2024-05-27,Single,6,0,6
2024-05-27,Double,14,0,14
2024-05-27,Suite,5,0,5
2024-05-28,Single,6,0,6
2024-05-28,Double,14,0,14
2024-05-28,Suite,5,0,5
2024-05-29,Single,6,0,6
2024-05-29,Double,14,0,14
2024-05-29,Suite,5,0,5
2024-05-30,Single,6,0,6
2024-05-30,Double,14,0,14
2024-05-30,Suite,5,0,5
2024-05-31,Single,6,0,6
2024-05-31,Double,14,0,14
2024-05-31,Suite,5,0,5
2024-06-01,Single,6,0,6
2024-06-01,Double,14,0,14
2024-06-01,Suite,5,0,5
2024-06-02,Single,6,0,6
2024-06-02,Double,14,0,14
2024-06-02,Suite,5,0,5
2024-06-03,Single,6,0,6
2024-06-03,Double,14,0,14
2024-06-03,Suite,5,0,5
2024-06-04,Single,6,0,6
2024-06-04,Double,14,0,14
2024-06-04,Suite,5,0,5
2024-06-05,Single,6,0,6
2024-06-05,Double,14,0,14
2024-06-05,Suite,5,0,5
2024-06-06,Single,6,0,6
2024-06-06,Double,14,0,14
2024-06-06,Suite,5,0,5
2024-06-07,Single,6,0,6
2024-06-07,Double,14,0,14
2024-06-07,Suite,5,0,5
2024-06-08,Single,6,0,6
2024-06-08,Double,14,0,14
2024-06-08,Suite,5,0,5
2024-06-09,Single,6,0,6
2024-06-09,Double,14,0,14
2024-06-09,Suite,5,0,5
2024-06-10,Single,6,0,6
2024-06-10,Double,14,0,14
2024-06-10,Suite,5,0,5
2024-06-11,Single,6,0,6
2024-06-11,Double,14,0,14
2024-06-11,Suite,5,0,5
2024-06-12,Single,6,0,6
2024-06-12,Double,14,0,14
2024-06-12,Suite,5,0,5
2024-06-13,Single,6,0,6
2024-06-13,Double,14,0,14
2024-06-13,Suite,5,0,5
2024-06-14,Single,6,0,6
2024-06-14,Double,14,0,14
2024-06-14,Suite,5,0,5
2024-06-15,Single,6,0,6
2024-06-15,Double,14,0,14
2024-06-15,Suite,5,0,5
2024-06-16,Single,6,0,6
2024-06-16,Double,14,0,14
2024-06-16,Suite,5,0,5
2024-06-17,Single,6,0,6
2024-06-17,Double,14,0,14
2024-06-17,Suite,5,0,5
2024-06-18,Single,6,0,6
2024-06-18,Double,14,0,14
2024-06-18,Suite,5,0,5
2024-06-19,Single,6,0,6
2024-06-19,Double,14,0,14
2024-06-19,Suite,5,0,5
2024-06-20,Single,6,0,6
2024-06-20,Double,14,0,14
2024-06-20,Suite,5,0,5
2024-06-21,Single,6,0,6
2024-06-21,Double,14,0,14
2024-06-21,Suite,5,0,5
2024-06-22,Single,6,0,6
2024-06-22,Double,14,0,14
2024-06-22,Suite,5,0,5
2024-06-23,Single,6,0,6
2024-06-23,Double,14,0,14
2024-06-23,Suite,5,0,5
2024-06-24,Single,6,0,6
2024-06-24,Double,14,0,14
2024-06-24,Suite,5,0,5
2024-06-25,Single,6,0,6
2024-06-25,Double,14,0,14
2024-06-25,Suite,5,0,5
2024-06-26,Single,6,0,6
2024-06-26,Double,14,0,14
2024-06-26,Suite,5,0,5
2024-06-27,Single,6,0,6
2024-06-27,Double,14,0,14
2024-06-27,Suite,5,0,5
2024-06-28,Single,6,0,6
2024-06-28,Double,14,0,14
2024-06-28,Suite,5,0,5
2024-06-29,Single,6,0,6
2024-06-29,Double,14,0,14
2024-06-29,Suite,5,0,5
2024-06-30,Single,6,0,6
2024-06-30,Double,14,0,14
2024-06-30,Suite,5,0,5
2024-07-01,Single,6,0,6
2024-07-01,Double,14,0,14
2024-07-01,Suite,5,0,5
2024-07-02,Single,6,0,6
2024-07-02,Double,14,0,14
2024-07-02,Suite,5,0,5
2024-07-03,Single,6,0,6
2024-07-03,Double,14,0,14
2024-07-03,Suite,5,0,5
2024-07-04,Single,6,0,6
2024-07-04,Double,14,0,14
2024-07-04,Suite,5,0,5
2024-07-05,Single,6,0,6
2024-07-05,Double,14,0,14
2024-07-05,Suite,5,0,5
2024-07-06,Single,6,0,6
2024-07-06,Double,14,0,14
2024-07-06,Suite,5,0,5
2024-07-07,Single,6,0,6
2024-07-07,Double,14,0,14
2024-07-07,Suite,5,0,5
2024-07-08,Single,6,0,6
2024-07-08,Double,14,0,14
2024-07-08,Suite,5,0,5
2024-07-09,Single,6,0,6
2024-07-09,Double,14,0,14
2024-07-09,Suite,5,0,5
2024-07-10,Single,6,0,6
2024-07-10,Double,14,0,14
2024-07-10,Suite,5,0,5
2024-07-11,Single,6,0,6
2024-07-11,Double,14,0,14
2024-07-11,Suite,5,0,5
2024-07-12,Single,6,0,6
2024-07-12,Double,14,0,14
2024-07-12,Suite,5,0,5
2024-07-13,Single,6,0,6
2024-07-13,Double,14,0,14
2024-07-13,Suite,5,0,5
2024-07-14,Single,6,0,6
2024-07-14,Double,14,0,14
2024-07-14,Suite,5,0,5
2024-07-15,Single,6,0,6
2024-07-15,Double,14,0,14
2024-07-15,Suite,5,0,5
2024-07-16,Single,6,0,6
2024-07-16,Double,14,0,14
2024-07-16,Suite,5,0,5
2024-07-17,Single,6,0,6
2024-07-17,Double,14,0,14
2024-07-17,Suite,5,0,5
2024-07-18,Single,6,0,6
2024-07-18,Double,14,0,14
2024-07-18,Suite,5,0,5
2024-07-19,Single,6,0,6
2024-07-19,Double,14,0,14
2024-07-19,Suite,5,0,5
2024-07-20,Single,6,0,6
2024-07-20,Double,14,0,14
2024-07-20,Suite,5,0,5
2024-07-21,Single,6,0,6
2024-07-21,Double,14,0,14
2024-07-21,Suite,5,0,5
2024-07-22,Single,6,0,6
2024-07-22,Double,14,0,14
2024-07-22,Suite,5,0,5
2024-07-23,Single,6,0,6
2024-07-23,Double,14,0,14
2024-07-23,Suite,5,0,5
2024-07-24,Single,6,0,6
2024-07-24,Double,14,0,14
2024-07-24,Suite,5,0,5
2024-07-25,Single,6,0,6
2024-07-25,Double,14,0,14
2024-07-25,Suite,5,0,5
2024-07-26,Single,6,0,6
2024-07-26,Double,14,0,14
2024-07-26,Suite,5,0,5
2024-07-27,Single,6,0,6
2024-07-27,Double,14,0,14
2024-07-27,Suite,5,0,5
2024-07-28,Single,6,0,6
2024-07-28,Double,14,0,14
2024-07-28,Suite,5,0,5
2024-07-29,Single,6,0,6
2024-07-29,Double,14,0,14
2024-07-29,Suite,5,0,5
2024-07-30,Single,6,0,6
2024-07-30,Double,14,0,14
2024-07-30,Suite,5,0,5
2024-07-31,Single,6,0,6
2024-07-31,Double,14,0,14
2024-07-31,Suite,5,0,5
2024-08-01,Single,6,0,6
2024-08-01,Double,14,0,14
2024-08-01,Suite,5,0,5
2024-08-02,Single,6,0,6
2024-08-02,Double,14,0,14
2024-08-02,Suite,5,0,5
2024-08-03,Single,6,0,6
2024-08-03,Double,14,0,14
2024-08-03,Suite,5,0,5
2024-08-04,Single,6,0,6
2024-08-04,Double,14,0,14
2024-08-04,Suite,5,0,5
2024-08-05,Single,6,0,6
2024-08-05,Double,14,0,14
2024-08-05,Suite,5,0,5
2024-08-06,Single,6,0,6
2024-08-06,Double,14,0,14
2024-08-06,Suite,5,0,5
2024-08-07,Single,6,0,6
2024-08-07,Double,14,0,14
2024-08-07,Suite,5,0,5
2024-08-08,Single,6,0,6
2024-08-08,Double,14,0,14
2024-08-08,Suite,5,0,5
2024-08-09,Single,6,0,6
2024-08-09,Double,14,0,14
2024-08-09,Suite,5,0,5
2024-08-10,Single,6,0,6
2024-08-10,Double,14,0,14
2024-08-10,Suite,5,0,5
2024-08-11,Single,6,0,6
2024-08-11,Double,14,0,14
2024-08-11,Suite,5,0,5
2024-08-12,Single,6,0,6
2024-08-12,Double,14,0,14
2024-08-12,Suite,5,0,5
2024-08-13,Single,6,0,6
2024-08-13,Double,14,0,14
2024-08-13,Suite,5,0,5
2024-08-14,Single,6,0,6
2024-08-14,Double,14,0,14
2024-08-14,Suite,5,0,5
2024-08-15,Single,6,0,6
2024-08-15,Double,14,0,14
2024-08-15,Suite,5,0,5
2024-08-16,Single,6,0,6
2024-08-16,Double,14,0,14
2024-08-16,Suite,5,0,5
2024-08-17,Single,6,0,6
2024-08-17,Double,14,0,14
2024-08-17,Suite,5,0,5
2024-08-18,Single,6,0,6
2024-08-18,Double,14,0,14
2024-08-18,Suite,5,0,5
2024-08-19,Single,6,0,6
2024-08-19,Double,14,0,14
2024-08-19,Suite,5,0,5
2024-08-20,Single,6,0,6
2024-08-20,Double,14,0,14
2024-08-20,Suite,5,0,5
2024-08-21,Single,6,0,6
2024-08-21,Double,14,0,14
2024-08-21,Suite,5,0,5
2024-08-22,Single,6,0,6
2024-08-22,Double,14,0,14
2024-08-22,Suite,5,0,5
2024-08-23,Single,6,0,6
2024-08-23,Double,14,0,14
2024-08-23,Suite,5,0,5
2024-08-24,Single,6,0,6
2024-08-24,Double,14,0,14
2024-08-24,Suite,5,0,5
2024-08-25,Single,6,0,6
2024-08-25,Double,14,0,14
2024-08-25,Suite,5,0,5
2024-08-26,Single,6,0,6
2024-08-26,Double,14,0,14
2024-08-26,Suite,5,0,5
2024-08-27,Single,6,0,6
2024-08-27,Double,14,0,14
2024-08-27,Suite,5,0,5
2024-08-28,Single,6,0,6
2024-08-28,Double,14,0,14
2024-08-28,Suite,5,0,5
2024-08-29,Single,6,0,6
2024-08-29,Double,14,0,14
2024-08-29,Suite,5,0,5
2024-08-30,Single,6,0,6
2024-08-30,Double,14,0,14
2024-08-30,Suite,5,0,5
2024-08-31,Single,6,0,6
2024-08-31,Double,14,0,14
2024-08-31,Suite,5,0,5
2024-09-01,Single,6,0,6
2024-09-01,Double,14,0,14
2024-09-01,Suite,5,0,5
2024-09-02,Single,6,0,6
2024-09-02,Double,14,0,14
2024-09-02,Suite,5,0,5
2024-09-03,Single,6,0,6
2024-09-03,Double,14,0,14
2024-09-03,Suite,5,0,5
2024-09-04,Single,6,0,6
2024-09-04,Double,14,0,14
2024-09-04,Suite,5,0,5
2024-09-05,Single,6,0,6
2024-09-05,Double,14,0,14
2024-09-05,Suite,5,0,5
2024-09-06,Single,6,0,6
2024-09-06,Double,14,0,14
2024-09-06,Suite,5,0,5
2024-09-07,Single,6,0,6
2024-09-07,Double,14,0,14
2024-09-07,Suite,5,0,5
2024-09-08,Single,6,0,6
2024-09-08,Double,14,0,14
2024-09-08,Suite,5,0,5
2024-09-09,Single,6,0,6
2024-09-09,Double,14,0,14
2024-09-09,Suite,5,0,5
2024-09-10,Single,6,0,6
2024-09-10,Double,14,0,14
2024-09-10,Suite,5,0,5
2024-09-11,Single,6,0,6
2024-09-11,Double,14,0,14
2024-09-11,Suite,5,0,5
2024-09-12,Single,6,0,6
2024-09-12,Double,14,0,14
2024-09-12,Suite,5,0,5
2024-09-13,Single,6,0,6
2024-09-13,Double,14,0,14
2024-09-13,Suite,5,0,5
2024-09-14,Single,6,0,6
2024-09-14,Double,14,0,14
2024-09-14,Suite,5,0,5
2024-09-15,Single,6,0,6
2024-09-15,Double,14,0,14
2024-09-15,Suite,5,0,5
2024-09-16,Single,6,0,6
2024-09-16,Double,14,0,14
2024-09-16,Suite,5,0,5
2024-09-17,Single,6,0,6
2024-09-17,Double,14,0,14
2024-09-17,Suite,5,0,5
2024-09-18,Single,6,0,6
2024-09-18,Double,14,0,14
2024-09-18,Suite,5,0,5
2024-09-19,Single,6,0,6
2024-09-19,Double,14,0,14
2024-09-19,Suite,5,0,5
2024-09-20,Single,6,0,6
2024-09-20,Double,14,0,14
2024-09-20,Suite,5,0,5
2024-09-21,Single,6,0,6
2024-09-21,Double,14,0,14
2024-09-21,Suite,5,0,5
2024-09-22,Single,6,0,6
2024-09-22,Double,14,0,14
2024-09-22,Suite,5,0,5
2024-09-23,Single,6,0,6
2024-09-23,Double,14,0,14
2024-09-23,Suite,5,0,5
2024-09-24,Single,6,0,6
2024-09-24,Double,14,0,14
2024-09-24,Suite,5,0,5
2024-09-25,Single,6,0,6
2024-09-25,Double,14,0,14
2024-09-25,Suite,5,0,5
2024-09-26,Single,6,0,6
2024-09-26,Double,14,0,14
2024-09-26,Suite,5,0,5
2024-09-27,Single,6,0,6
2024-09-27,Double,14,0,14
2024-09-27,Suite,5,0,5
2024-09-28,Single,6,0,6
2024-09-28,Double,14,0,14
2024-09-28,Suite,5,0,5
2024-09-29,Single,6,0,6
2024-09-29,Double,14,0,14
2024-09-29,Suite,5,0,5
2024-09-30,Single,6,0,6
2024-09-30,Double,14,0,14
2024-09-30,Suite,5,0,5
2024-10-01,Single,6,0,6
2024-10-01,Double,14,0,14
2024-10-01,Suite,5,0,5
2024-10-02,Single,6,0,6
2024-10-02,Double,14,0,14
2024-10-02,Suite,5,0,5
2024-10-03,Single,6,0,6
2024-10-03,Double,14,0,14
2024-10-03,Suite,5,0,5
2024-10-04,Single,6,0,6
2024-10-04,Double,14,0,14
2024-10-04,Suite,5,0,5
2024-10-05,Single,6,0,6
2024-10-05,Double,14,0,14
2024-10-05,Suite,5,0,5
2024-10-06,Single,6,0,6
2024-10-06,Double,14,0,14
2024-10-06,Suite,5,0,5
2024-10-07,Single,6,0,6
2024-10-07,Double,14,0,14
2024-10-07,Suite,5,0,5
2024-10-08,Single,6,0,6
2024-10-08,Double,14,0,14
2024-10-08,Suite,5,0,5
2024-10-09,Single,6,0,6
2024-10-09,Double,14,0,14
2024-10-09,Suite,5,0,5
2024-10-10,Single,6,0,6
2024-10-10,Double,14,0,14
2024-10-10,Suite,5,0,5
2024-10-11,Single,6,0,6
2024-10-11,Double,14,0,14
2024-10-11,Suite,5,0,5
2024-10-12,Single,6,0,6
2024-10-12,Double,14,0,14
2024-10-12,Suite,5,0,5
2024-10-13,Single,6,0,6
2024-10-13,Double,14,0,14
2024-10-13,Suite,5,0,5
2024-10-14,Single,6,0,6
2024-10-14,Double,14,0,14
2024-10-14,Suite,5,0,5
2024-10-15,Single,6,0,6
2024-10-15,Double,14,0,14
2024-10-15,Suite,5,0,5
2024-10-16,Single,6,0,6
2024-10-16,Double,14,0,14
2024-10-16,Suite,5,0,5
2024-10-17,Single,6,0,6
2024-10-17,Double,14,0,14
2024-10-17,Suite,5,0,5
2024-10-18,Single,6,0,6
2024-10-18,Double,14,0,14
2024-10-18,Suite,5,0,5
2024-10-19,Single,6,0,6
2024-10-19,Double,14,0,14
2024-10-19,Suite,5,0,5
2024-10-20,Single,6,0,6
2024-10-20,Double,14,0,14
2024-10-20,Suite,5,0,5
2024-10-21,Single,6,0,6
2024-10-21,Double,14,0,14
2024-10-21,Suite,5,0,5
2024-10-22,Single,6,0,6
2024-10-22,Double,14,0,14
2024-10-22,Suite,5,0,5
2024-10-23,Single,6,0,6
2024-10-23,Double,14,0,14
2024-10-23,Suite,5,0,5
2024-10-24,Single,6,0,6
2024-10-24,Double,14,0,14
2024-10-24,Suite,5,0,5
2024-10-25,Single,6,0,6
2024-10-25,Double,14,0,14
2024-10-25,Suite,5,0,5
2024-10-26,Single,6,0,6
2024-10-26,Double,14,0,14
2024-10-26,Suite,5,0,5
2024-10-27,Single,6,0,6
2024-10-27,Double,14,0,14
2024-10-27,Suite,5,0,5
2024-10-28,Single,6,0,6
2024-10-28,Double,14,0,14
2024-10-28,Suite,5,0,5
2024-10-29,Single,6,0,6
2024-10-29,Double,14,0,14
2024-10-29,Suite,5,0,5
2024-10-30,Single,6,0,6
2024-10-30,Double,14,0,14
2024-10-30,Suite,5,0,5
2024-10-31,Single,6,0,6
2024-10-31,Double,14,0,14
2024-10-31,Suite,5,0,5
2024-11-01,Single,6,0,6
2024-11-01,Double,14,1,13
2024-11-01,Suite,5,0,5
2024-11-02,Single,6,0,6
2024-11-02,Double,14,1,13
2024-11-02,Suite,5,0,5
2024-11-03,Single,6,0,6
2024-11-03,Double,14,1,13
2024-11-03,Suite,5,0,5
2024-11-04,Single,6,0,6
2024-11-04,Double,14,1,13
2024-11-04,Suite,5,0,5
2024-11-05,Single,6,0,6
2024-11-05,Double,14,1,13
2024-11-05,Suite,5,0,5
2024-11-06,Single,6,0,6
2024-11-06,Double,14,1,13
2024-11-06,Suite,5,0,5
2024-11-07,Single,6,0,6
2024-11-07,Double,14,1,13
2024-11-07,Suite,5,0,5
2024-11-08,Single,6,0,6
2024-11-08,Double,14,1,13
2024-11-08,Suite,5,0,5
2024-11-09,Single,6,0,6
2024-11-09,Double,14,1,13
2024-11-09,Suite,5,0,5
2024-11-10,Single,6,0,6
2024-11-10,Double,14,1,13
2024-11-10,Suite,5,0,5
2024-11-11,Single,6,0,6
2024-11-11,Double,14,1,13
2024-11-11,Suite,5,0,5
2024-11-12,Single,6,0,6
2024-11-12,Double,14,1,13
2024-11-12,Suite,5,0,5
2024-11-13,Single,6,0,6
2024-11-13,Double,14,1,13
2024-11-13,Suite,5,0,5
2024-11-14,Single,6,0,6
2024-11-14,Double,14,1,13
2024-11-14,Suite,5,0,5
2024-11-15,Single,6,0,6
2024-11-15,Double,14,1,13
2024-11-15,Suite,5,0,5
2024-11-16,Single,6,0,6
2024-11-16,Double,14,1,13
2024-11-16,Suite,5,0,5
2024-11-17,Single,6,0,6
2024-11-17,Double,14,1,13
2024-11-17,Suite,5,0,5
2024-11-18,Single,6,0,6
2024-11-18,Double,14,1,13
2024-11-18,Suite,5,0,5
2024-11-19,Single,6,0,6
2024-11-19,Double,14,1,13
2024-11-19,Suite,5,0,5
2024-11-20,Single,6,0,6
2024-11-20,Double,14,1,13
2024-11-20,Suite,5,0,5
2024-11-21,Single,6,0,6
2024-11-21,Double,14,1,13
2024-11-21,Suite,5,0,5
2024-11-22,Single,6,0,6
2024-11-22,Double,14,1,13
2024-11-22,Suite,5,0,5
2024-11-23,Single,6,0,6
2024-11-23,Double,14,1,13
2024-11-23,Suite,5,0,5
2024-11-24,Single,6,0,6
2024-11-24,Double,14,1,13
2024-11-24,Suite,5,0,5
2024-11-25,Single,6,0,6
2024-11-25,Double,14,1,13
2024-11-25,Suite,5,0,5
2024-11-26,Single,6,0,6
2024-11-26,Double,14,1,13
2024-11-26,Suite,5,0,5
2024-11-27,Single,6,0,6
2024-11-27,Double,14,1,13
2024-11-27,Suite,5,0,5
2024-11-28,Single,6,0,6
2024-11-28,Double,14,1,13
2024-11-28,Suite,5,0,5
2024-11-29,Single,6,0,6
2024-11-29,Double,14,1,13
2024-11-29,Suite,5,0,5
2024-11-30,Single,6,0,6
2024-11-30,Double,14,1,13
2024-11-30,Suite,5,0,5
2024-12-01,Single,6,0,6
2024-12-01,Double,14,0,14
2024-12-01,Suite,5,0,5
2024-12-02,Single,6,0,6
2024-12-02,Double,14,0,14
2024-12-02,Suite,5,0,5
2024-12-03,Single,6,0,6
2024-12-03,Double,14,0,14
2024-12-03,Suite,5,0,5
2024-12-04,Single,6,0,6
2024-12-04,Double,14,0,14
2024-12-04,Suite,5,0,5
2024-12-05,Single,6,0,6
2024-12-05,Double,14,0,14
2024-12-05,Suite,5,0,5
2024-12-06,Single,6,0,6
2024-12-06,Double,14,0,14
2024-12-06,Suite,5,0,5
2024-12-07,Single,6,0,6
2024-12-07,Double,14,0,14
2024-12-07,Suite,5,0,5
2024-12-08,Single,6,0,6
2024-12-08,Double,14,0,14
2024-12-08,Suite,5,0,5
2024-12-09,Single,6,0,6
2024-12-09,Double,14,0,14
2024-12-09,Suite,5,0,5
2024-12-10,Single,6,0,6
2024-12-10,Double,14,0,14
2024-12-10,Suite,5,0,5
2024-12-11,Single,6,0,6
2024-12-11,Double,14,0,14
2024-12-11,Suite,5,0,5
2024-12-12,Single,6,0,6
2024-12-12,Double,14,0,14
2024-12-12,Suite,5,0,5
2024-12-13,Single,6,0,6
2024-12-13,Double,14,0,14
2024-12-13,Suite,5,0,5
2024-12-14,Single,6,0,6
2024-12-14,Double,14,0,14
2024-12-14,Suite,5,0,5
2024-12-15,Single,6,0,6
2024-12-15,Double,14,0,14
2024-12-15,Suite,5,0,5
2024-12-16,Single,6,0,6
2024-12-16,Double,14,0,14
2024-12-16,Suite,5,0,5
2024-12-17,Single,6,0,6
2024-12-17,Double,14,0,14
2024-12-17,Suite,5,0,5
2024-12-18,Single,6,0,6
2024-12-18,Double,14,0,14
2024-12-18,Suite,5,0,5
2024-12-19,Single,6,0,6
2024-12-19,Double,14,0,14
2024-12-19,Suite,5,0,5
2024-12-20,Single,6,0,6
2024-12-20,Double,14,0,14
2024-12-20,Suite,5,0,5
2024-12-21,Single,6,0,6
2024-12-21,Double,14,0,14
2024-12-21,Suite,5,0,5
2024-12-22,Single,6,0,6
2024-12-22,Double,14,0,14
2024-12-22,Suite,5,0,5
2024-12-23,Single,6,0,6
2024-12-23,Double,14,0,14
2024-12-23,Suite,5,0,5
2024-12-24,Single,6,0,6
2024-12-24,Double,14,0,14
2024-12-24,Suite,5,0,5
2024-12-25,Single,6,0,6
2024-12-25,Double,14,0,14
2024-12-25,Suite,5,0,5
2024-12-26,Single,6,0,6
2024-12-26,Double,14,0,14
2024-12-26,Suite,5,0,5
2024-12-27,Single,6,0,6
2024-12-27,Double,14,0,14
2024-12-27,Suite,5,0,5
2024-12-28,Single,6,0,6
2024-12-28,Double,14,0,14
2024-12-28,Suite,5,0,5
2024-12-29,Single,6,0,6
2024-12-29,Double,14,0,14
2024-12-29,Suite,5,0,5
2024-12-30,Single,6,0,6
2024-12-30,Double,14,0,14
2024-12-30,Suite,5,0,5
2024-12-31,Single,6,0,6
2024-12-31,Double,14,0,14
2024-12-31,Suite,5,0,5
2025-01-01,Single,6,0,6
2025-01-01,Double,14,1,13
2025-01-01,Suite,5,0,5
2025-01-02,Single,6,0,6
2025-01-02,Double,14,1,13
2025-01-02,Suite,5,0,5
2025-01-03,Single,6,0,6
2025-01-03,Double,14,1,13
2025-01-03,Suite,5,0,5
2025-01-04,Single,6,0,6
2025-01-04,Double,14,1,13
2025-01-04,Suite,5,0,5
2025-01-05,Single,6,0,6
2025-01-05,Double,14,1,13
2025-01-05,Suite,5,0,5
2025-01-06,Single,6,0,6
2025-01-06,Double,14,1,13
2025-01-06,Suite,5,0,5
2025-01-07,Single,6,0,6
2025-01-07,Double,14,1,13
2025-01-07,Suite,5,0,5
2025-01-08,Single,6,0,6
2025-01-08,Double,14,1,13
2025-01-08,Suite,5,0,5
2025-01-09,Single,6,0,6
2025-01-09,Double,14,1,13
2025-01-09,Suite,5,0,5
2025-01-10,Single,6,0,6
2025-01-10,Double,14,1,13
2025-01-10,Suite,5,0,5
2025-01-11,Single,6,0,6
2025-01-11,Double,14,1,13
2025-01-11,Suite,5,0,5
2025-01-12,Single,6,0,6
2025-01-12,Double,14,1,13
2025-01-12,Suite,5,0,5
2025-01-13,Single,6,0,6
2025-01-13,Double,14,1,13
2025-01-13,Suite,5,0,5
2025-01-14,Single,6,0,6
2025-01-14,Double,14,1,13
2025-01-14,Suite,5,0,5
2025-01-15,Single,6,0,6
2025-01-15,Double,14,1,13
2025-01-15,Suite,5,0,5
2025-01-16,Single,6,0,6
2025-01-16,Double,14,1,13
2025-01-16,Suite,5,0,5
2025-01-17,Single,6,0,6
2025-01-17,Double,14,1,13
2025-01-17,Suite,5,0,5
2025-01-18,Single,6,0,6
2025-01-18,Double,14,1,13
2025-01-18,Suite,5,0,5
2025-01-19,Single,6,0,6
2025-01-19,Double,14,1,13
2025-01-19,Suite,5,0,5
2025-01-20,Single,6,0,6
2025-01-20,Double,14,1,13
2025-01-20,Suite,5,0,5
2025-01-21,Single,6,0,6
2025-01-21,Double,14,1,13
2025-01-21,Suite,5,0,5
2025-01-22,Single,6,0,6
2025-01-22,Double,14,1,13
2025-01-22,Suite,5,0,5
2025-01-23,Single,6,0,6
2025-01-23,Double,14,1,13
2025-01-23,Suite,5,0,5
2025-01-24,Single,6,0,6
2025-01-24,Double,14,1,13
2025-01-24,Suite,5,0,5
2025-01-25,Single,6,0,6
2025-01-25,Double,14,1,13
2025-01-25,Suite,5,0,5
2025-01-26,Single,6,0,6
2025-01-26,Double,14,1,13
2025-01-26,Suite,5,0,5
2025-01-27,Single,6,0,6
2025-01-27,Double,14,1,13
2025-01-27,Suite,5,0,5
2025-01-28,Single,6,0,6
2025-01-28,Double,14,1,13
2025-01-28,Suite,5,0,5
2025-01-29,Single,6,0,6
2025-01-29,Double,14,1,13
2025-01-29,Suite,5,0,5
2025-01-30,Single,6,0,6
2025-01-30,Double,14,1,13
2025-01-30,Suite,5,0,5
2025-01-31,Single,6,0,6
2025-01-31,Double,14,1,13
2025-01-31,Suite,5,0,5
2025-02-01,Single,6,0,6
2025-02-01,Double,14,1,13
2025-02-01,Suite,5,0,5
2025-02-02,Single,6,0,6
2025-02-02,Double,14,1,13
2025-02-02,Suite,5,0,5
2025-02-03,Single,6,0,6
2025-02-03,Double,14,1,13
2025-02-03,Suite,5,0,5
2025-02-04,Single,6,0,6
2025-02-04,Double,14,1,13
2025-02-04,Suite,5,0,5
2025-02-05,Single,6,0,6
2025-02-05,Double,14,1,13
2025-02-05,Suite,5,0,5
2025-02-06,Single,6,0,6
2025-02-06,Double,14,1,13
2025-02-06,Suite,5,0,5
2025-02-07,Single,6,0,6
2025-02-07,Double,14,1,13
2025-02-07,Suite,5,0,5
2025-02-08,Single,6,0,6
2025-02-08,Double,14,1,13
2025-02-08,Suite,5,0,5
2025-02-09,Single,6,0,6
2025-02-09,Double,14,1,13
2025-02-09,Suite,5,0,5
2025-02-10,Single,6,0,6
2025-02-10,Double,14,1,13
2025-02-10,Suite,5,0,5
2025-02-11,Single,6,0,6
2025-02-11,Double,14,1,13
2025-02-11,Suite,5,0,5
2025-02-12,Single,6,0,6
2025-02-12,Double,14,1,13
2025-02-12,Suite,5,0,5
2025-02-13,Single,6,0,6
2025-02-13,Double,14,1,13
2025-02-13,Suite,5,0,5
2025-02-14,Single,6,0,6
2025-02-14,Double,14,1,13
2025-02-14,Suite,5,0,5
2025-02-15,Single,6,0,6
2025-02-15,Double,14,1,13
2025-02-15,Suite,5,0,5
2025-02-16,Single,6,0,6
2025-02-16,Double,14,1,13
2025-02-16,Suite,5,0,5
2025-02-17,Single,6,0,6
2025-02-17,Double,14,1,13
2025-02-17,Suite,5,0,5
2025-02-18,Single,6,0,6
2025-02-18,Double,14,1,13
2025-02-18,Suite,5,0,5
2025-02-19,Single,6,0,6
2025-02-19,Double,14,1,13
2025-02-19,Suite,5,0,5
2025-02-20,Single,6,0,6
2025-02-20,Double,14,1,13
2025-02-20,Suite,5,0,5
2025-02-21,Single,6,0,6
2025-02-21,Double,14,1,13
2025-02-21,Suite,5,0,5
2025-02-22,Single,6,0,6
2025-02-22,Double,14,1,13
2025-02-22,Suite,5,0,5
2025-02-23,Single,6,0,6
2025-02-23,Double,14,1,13
2025-02-23,Suite,5,0,5
2025-02-24,Single,6,0,6
2025-02-24,Double,14,1,13
2025-02-24,Suite,5,0,5
2025-02-25,Single,6,0,6
2025-02-25,Double,14,1,13
2025-02-25,Suite,5,0,5
2025-02-26,Single,6,0,6
2025-02-26,Double,14,1,13
2025-02-26,Suite,5,0,5
2025-02-27,Single,6,0,6
2025-02-27,Double,14,1,13
2025-02-27,Suite,5,0,5
2025-02-28,Single,6,0,6
2025-02-28,Double,14,1,13
2025-02-28,Suite,5,0,5
2025-03-01,Single,6,0,6
2025-03-01,Double,14,0,14
2025-03-01,Suite,5,0,5
2025-03-02,Single,6,0,6
2025-03-02,Double,14,0,14
2025-03-02,Suite,5,0,5
2025-03-03,Single,6,0,6
2025-03-03,Double,14,0,14
2025-03-03,Suite,5,0,5
2025-03-04,Single,6,0,6
2025-03-04,Double,14,0,14
2025-03-04,Suite,5,0,5
2025-03-05,Single,6,0,6
2025-03-05,Double,14,0,14
2025-03-05,Suite,5,0,5
2025-03-06,Single,6,0,6
2025-03-06,Double,14,0,14
2025-03-06,Suite,5,0,5
2025-03-07,Single,6,0,6
2025-03-07,Double,14,0,14
2025-03-07,Suite,5,0,5
2025-03-08,Single,6,0,6
2025-03-08,Double,14,0,14
2025-03-08,Suite,5,0,5
2025-03-09,Single,6,0,6
2025-03-09,Double,14,0,14
2025-03-09,Suite,5,0,5
2025-03-10,Single,6,0,6
2025-03-10,Double,14,0,14
2025-03-10,Suite,5,0,5
2025-03-11,Single,6,0,6
2025-03-11,Double,14,0,14
2025-03-11,Suite,5,0,5
2025-03-12,Single,6,0,6
2025-03-12,Double,14,0,14
2025-03-12,Suite,5,0,5
2025-03-13,Single,6,0,6
2025-03-13,Double,14,0,14
2025-03-13,Suite,5,0,5
2025-03-14,Single,6,0,6
2025-03-14,Double,14,0,14
2025-03-14,Suite,5,0,5
2025-03-15,Single,6,0,6
2025-03-15,Double,14,0,14
2025-03-15,Suite,5,0,5
2025-03-16,Single,6,0,6
2025-03-16,Double,14,0,14
2025-03-16,Suite,5,0,5
2025-03-17,Single,6,0,6
2025-03-17,Double,14,0,14
2025-03-17,Suite,5,0,5
2025-03-18,Single,6,0,6
2025-03-18,Double,14,0,14
2025-03-18,Suite,5,0,5
2025-03-19,Single,6,0,6
2025-03-19,Double,14,0,14
2025-03-19,Suite,5,0,5
2025-03-20,Single,6,0,6
2025-03-20,Double,14,0,14
2025-03-20,Suite,5,0,5
2025-03-21,Single,6,0,6
2025-03-21,Double,14,0,14
2025-03-21,Suite,5,0,5
2025-03-22,Single,6,0,6
2025-03-22,Double,14,0,14
2025-03-22,Suite,5,0,5
2025-03-23,Single,6,0,6
2025-03-23,Double,14,0,14
2025-03-23,Suite,5,0,5
2025-03-24,Single,6,0,6
2025-03-24,Double,14,0,14
2025-03-24,Suite,5,0,5
2025-03-25,Single,6,0,6
2025-03-25,Double,14,0,14
2025-03-25,Suite,5,0,5
2025-03-26,Single,6,0,6
2025-03-26,Double,14,0,14
2025-03-26,Suite,5,0,5
2025-03-27,Single,6,0,6
2025-03-27,Double,14,0,14
2025-03-27,Suite,5,0,5
2025-03-28,Single,6,0,6
2025-03-28,Double,14,0,14
2025-03-28,Suite,5,0,5
2025-03-29,Single,6,0,6
2025-03-29,Double,14,0,14
2025-03-29,Suite,5,0,5
2025-03-30,Single,6,0,6
2025-03-30,Double,14,0,14
2025-03-30,Suite,5,0,5
2025-03-31,Single,6,0,6
2025-03-31,Double,14,0,14
2025-03-31,Suite,5,0,5
2025-04-01,Single,6,0,6
2025-04-01,Double,14,0,14
2025-04-01,Suite,5,0,5
2025-04-02,Single,6,0,6
2025-04-02,Double,14,0,14
2025-04-02,Suite,5,0,5
2025-04-03,Single,6,0,6
2025-04-03,Double,14,0,14
2025-04-03,Suite,5,0,5
2025-04-04,Single,6,0,6
2025-04-04,Double,14,0,14
2025-04-04,Suite,5,0,5
2025-04-05,Single,6,0,6
2025-04-05,Double,14,0,14
2025-04-05,Suite,5,0,5
2025-04-06,Single,6,0,6
2025-04-06,Double,14,0,14
2025-04-06,Suite,5,0,5
2025-04-07,Single,6,0,6
2025-04-07,Double,14,0,14
2025-04-07,Suite,5,0,5
2025-04-08,Single,6,0,6
2025-04-08,Double,14,0,14
2025-04-08,Suite,5,0,5
2025-04-09,Single,6,0,6
2025-04-09,Double,14,0,14
2025-04-09,Suite,5,0,5
2025-04-10,Single,6,0,6
2025-04-10,Double,14,0,14
2025-04-10,Suite,5,0,5
2025-04-11,Single,6,0,6
2025-04-11,Double,14,0,14
2025-04-11,Suite,5,0,5
2025-04-12,Single,6,0,6
2025-04-12,Double,14,0,14
2025-04-12,Suite,5,0,5
2025-04-13,Single,6,0,6
2025-04-13,Double,14,0,14
2025-04-13,Suite,5,0,5
2025-04-14,Single,6,0,6
2025-04-14,Double,14,0,14
2025-04-14,Suite,5,0,5
2025-04-15,Single,6,0,6
2025-04-15,Double,14,0,14
2025-04-15,Suite,5,0,5
2025-04-16,Single,6,0,6
2025-04-16,Double,14,0,14
2025-04-16,Suite,5,0,5
2025-04-17,Single,6,0,6
2025-04-17,Double,14,0,14
2025-04-17,Suite,5,0,5
2025-04-18,Single,6,0,6
2025-04-18,Double,14,0,14
2025-04-18,Suite,5,0,5
2025-04-19,Single,6,0,6
2025-04-19,Double,14,0,14
2025-04-19,Suite,5,0,5
2025-04-20,Single,6,0,6
2025-04-20,Double,14,0,14
2025-04-20,Suite,5,0,5
2025-04-21,Single,6,0,6
2025-04-21,Double,14,0,14
2025-04-21,Suite,5,0,5
2025-04-22,Single,6,0,6
2025-04-22,Double,14,0,14
2025-04-22,Suite,5,0,5
2025-04-23,Single,6,0,6
2025-04-23,Double,14,0,14
2025-04-23,Suite,5,0,5
2025-04-24,Single,6,0,6
2025-04-24,Double,14,0,14
2025-04-24,Suite,5,0,5
2025-04-25,Single,6,0,6
2025-04-25,Double,14,0,14
2025-04-25,Suite,5,0,5
2025-04-26,Single,6,0,6
2025-04-26,Double,14,0,14
2025-04-26,Suite,5,0,5
2025-04-27,Single,6,0,6
2025-04-27,Double,14,0,14
2025-04-27,Suite,5,0,5
2025-04-28,Single,6,0,6
2025-04-28,Double,14,0,14
2025-04-28,Suite,5,0,5
2025-04-29,Single,6,0,6
2025-04-29,Double,14,0,14
2025-04-29,Suite,5,0,5
2025-04-30,Single,6,0,6
2025-04-30,Double,14,0,14
2025-04-30,Suite,5,0,5
2025-05-01,Single,6,0,6
2025-05-01,Double,14,0,14
2025-05-01,Suite,5,0,5
2025-05-02,Single,6,0,6
2025-05-02,Double,14,0,14
2025-05-02,Suite,5,0,5
2025-05-03,Single,6,0,6
2025-05-03,Double,14,0,14
2025-05-03,Suite,5,0,5
2025-05-04,Single,6,0,6
2025-05-04,Double,14,0,14
2025-05-04,Suite,5,0,5
2025-05-05,Single,6,0,6
2025-05-05,Double,14,0,14
2025-05-05,Suite,5,0,5
2025-05-06,Single,6,0,6
2025-05-06,Double,14,0,14
2025-05-06,Suite,5,0,5
2025-05-07,Single,6,0,6
2025-05-07,Double,14,0,14
2025-05-07,Suite,5,0,5
2025-05-08,Single,6,0,6
2025-05-08,Double,14,0,14
2025-05-08,Suite,5,0,5
2025-05-09,Single,6,0,6
2025-05-09,Double,14,0,14
2025-05-09,Suite,5,0,5
2025-05-10,Single,6,0,6
2025-05-10,Double,14,0,14
2025-05-10,Suite,5,0,5
2025-05-11,Single,6,0,6
2025-05-11,Double,14,0,14
2025-05-11,Suite,5,0,5
2025-05-12,Single,6,0,6
2025-05-12,Double,14,0,14
2025-05-12,Suite,5,0,5
2025-05-13,Single,6,0,6
2025-05-13,Double,14,0,14
2025-05-13,Suite,5,0,5
2025-05-14,Single,6,0,6
2025-05-14,Double,14,0,14
2025-05-14,Suite,5,0,5
2025-05-15,Single,6,0,6
2025-05-15,Double,14,0,14
2025-05-15,Suite,5,0,5
2025-05-16,Single,6,0,6
2025-05-16,Double,14,0,14
2025-05-16,Suite,5,0,5
2025-05-17,Single,6,0,6
2025-05-17,Double,14,0,14
2025-05-17,Suite,5,0,5
2025-05-18,Single,6,0,6
2025-05-18,Double,14,0,14
2025-05-18,Suite,5,0,5
2025-05-19,Single,6,0,6
2025-05-19,Double,14,0,14
2025-05-19,Suite,5,0,5
2025-05-20,Single,6,0,6
2025-05-20,Double,14,0,14
2025-05-20,Suite,5,0,5
2025-05-21,Single,6,0,6
2025-05-21,Double,14,0,14
2025-05-21,Suite,5,0,5
2025-05-22,Single,6,0,6
2025-05-22,Double,14,0,14
2025-05-22,Suite,5,0,5
2025-05-23,Single,6,0,6
2025-05-23,Double,14,0,14
2025-05-23,Suite,5,0,5
2025-05-24,Single,6,0,6
2025-05-24,Double,14,0,14
2025-05-24,Suite,5,0,5
2025-05-25,Single,6,0,6
2025-05-25,Double,14,0,14
2025-05-25,Suite,5,0,5
2025-05-26,Single,6,0,6
2025-05-26,Double,14,0,14
2025-05-26,Suite,5,0,5
2025-05-27,Single,6,0,6
2025-05-27,Double,14,0,14
2025-05-27,Suite,5,0,5
2025-05-28,Single,6,0,6
2025-05-28,Double,14,0,14
2025-05-28,Suite,5,0,5
2025-05-29,Single,6,0,6
2025-05-29,Double,14,0,14
2025-05-29,Suite,5,0,5
2025-05-30,Single,6,0,6
2025-05-30,Double,14,0,14
2025-05-30,Suite,5,0,5
2025-05-31,Single,6,0,6
2025-05-31,Double,14,0,14
2025-05-31,Suite,5,0,5
2025-06-01,Single,6,0,6
2025-06-01,Double,14,0,14
2025-06-01,Suite,5,0,5
2025-06-02,Single,6,0,6
2025-06-02,Double,14,0,14
2025-06-02,Suite,5,0,5
2025-06-03,Single,6,0,6
2025-06-03,Double,14,0,14
2025-06-03,Suite,5,0,5
2025-06-04,Single,6,0,6
2025-06-04,Double,14,0,14
2025-06-04,Suite,5,0,5
2025-06-05,Single,6,0,6
2025-06-05,Double,14,0,14
2025-06-05,Suite,5,0,5
2025-06-06,Single,6,0,6
2025-06-06,Double,14,0,14
2025-06-06,Suite,5,0,5
2025-06-07,Single,6,0,6
2025-06-07,Double,14,0,14
2025-06-07,Suite,5,0,5
2025-06-08,Single,6,0,6
2025-06-08,Double,14,0,14
2025-06-08,Suite,5,0,5
2025-06-09,Single,6,0,6
2025-06-09,Double,14,0,14
2025-06-09,Suite,5,0,5
2025-06-10,Single,6,0,6
2025-06-10,Double,14,0,14
2025-06-10,Suite,5,0,5
2025-06-11,Single,6,0,6
2025-06-11,Double,14,0,14
2025-06-11,Suite,5,0,5
2025-06-12,Single,6,0,6
2025-06-12,Double,14,0,14
2025-06-12,Suite,5,0,5
2025-06-13,Single,6,0,6
2025-06-13,Double,14,0,14
2025-06-13,Suite,5,0,5
2025-06-14,Single,6,0,6
2025-06-14,Double,14,0,14
2025-06-14,Suite,5,0,5
2025-06-15,Single,6,0,6
2025-06-15,Double,14,0,14
2025-06-15,Suite,5,0,5
2025-06-16,Single,6,0,6
2025-06-16,Double,14,0,14
2025-06-16,Suite,5,0,5
2025-06-17,Single,6,0,6
2025-06-17,Double,14,0,14
2025-06-17,Suite,5,0,5
2025-06-18,Single,6,0,6
2025-06-18,Double,14,0,14
2025-06-18,Suite,5,0,5
2025-06-19,Single,6,0,6
2025-06-19,Double,14,0,14
2025-06-19,Suite,5,0,5
2025-06-20,Single,6,0,6
2025-06-20,Double,14,0,14
2025-06-20,Suite,5,0,5
2025-06-21,Single,6,0,6
2025-06-21,Double,14,0,14
2025-06-21,Suite,5,0,5
2025-06-22,Single,6,0,6
2025-06-22,Double,14,0,14
2025-06-22,Suite,5,0,5
2025-06-23,Single,6,0,6
2025-06-23,Double,14,0,14
2025-06-23,Suite,5,0,5
2025-06-24,Single,6,0,6
2025-06-24,Double,14,0,14
2025-06-24,Suite,5,0,5
2025-06-25,Single,6,0,6
2025-06-25,Double,14,0,14
2025-06-25,Suite,5,0,5
2025-06-26,Single,6,0,6
2025-06-26,Double,14,0,14
2025-06-26,Suite,5,0,5
2025-06-27,Single,6,0,6
2025-06-27,Double,14,0,14
2025-06-27,Suite,5,0,5
2025-06-28,Single,6,0,6
2025-06-28,Double,14,0,14
2025-06-28,Suite,5,0,5
2025-06-29,Single,6,0,6
2025-06-29,Double,14,0,14
2025-06-29,Suite,5,0,5
2025-06-30,Single,6,0,6
2025-06-30,Double,14,0,14
2025-06-30,Suite,5,0,5
2025-07-01,Single,6,0,6
2025-07-01,Double,14,0,14
2025-07-01,Suite,5,0,5
2025-07-02,Single,6,0,6
2025-07-02,Double,14,0,14
2025-07-02,Suite,5,0,5
2025-07-03,Single,6,0,6
2025-07-03,Double,14,0,14
2025-07-03,Suite,5,0,5
2025-07-04,Single,6,0,6
2025-07-04,Double,14,0,14
2025-07-04,Suite,5,0,5
2025-07-05,Single,6,0,6
2025-07-05,Double,14,0,14
2025-07-05,Suite,5,0,5
2025-07-06,Single,6,0,6
2025-07-06,Double,14,0,14
2025-07-06,Suite,5,0,5
2025-07-07,Single,6,0,6
2025-07-07,Double,14,0,14
2025-07-07,Suite,5,0,5
2025-07-08,Single,6,0,6
2025-07-08,Double,14,0,14
2025-07-08,Suite,5,0,5
2025-07-09,Single,6,0,6
2025-07-09,Double,14,0,14
2025-07-09,Suite,5,0,5
2025-07-10,Single,6,0,6
2025-07-10,Double,14,0,14
2025-07-10,Suite,5,0,5
2025-07-11,Single,6,0,6
2025-07-11,Double,14,0,14
2025-07-11,Suite,5,0,5
2025-07-12,Single,6,0,6
2025-07-12,Double,14,0,14
2025-07-12,Suite,5,0,5
2025-07-13,Single,6,0,6
2025-07-13,Double,14,0,14
2025-07-13,Suite,5,0,5
2025-07-14,Single,6,0,6
2025-07-14,Double,14,0,14
2025-07-14,Suite,5,0,5
2025-07-15,Single,6,0,6
2025-07-15,Double,14,0,14
2025-07-15,Suite,5,0,5
2025-07-16,Single,6,0,6
2025-07-16,Double,14,0,14
2025-07-16,Suite,5,0,5
2025-07-17,Single,6,0,6
2025-07-17,Double,14,0,14
2025-07-17,Suite,5,0,5
2025-07-18,Single,6,0,6
2025-07-18,Double,14,0,14
2025-07-18,Suite,5,0,5
2025-07-19,Single,6,0,6
2025-07-19,Double,14,0,14
2025-07-19,Suite,5,0,5
2025-07-20,Single,6,0,6
2025-07-20,Double,14,0,14
2025-07-20,Suite,5,0,5
2025-07-21,Single,6,0,6
2025-07-21,Double,14,0,14
2025-07-21,Suite,5,0,5
2025-07-22,Single,6,0,6
2025-07-22,Double,14,0,14
2025-07-22,Suite,5,0,5
2025-07-23,Single,6,0,6
2025-07-23,Double,14,0,14
2025-07-23,Suite,5,0,5
2025-07-24,Single,6,0,6
2025-07-24,Double,14,0,14
2025-07-24,Suite,5,0,5
2025-07-25,Single,6,0,6
2025-07-25,Double,14,0,14
2025-07-25,Suite,5,0,5
2025-07-26,Single,6,0,6
2025-07-26,Double,14,0,14
2025-07-26,Suite,5,0,5
2025-07-27,Single,6,0,6
2025-07-27,Double,14,0,14
2025-07-27,Suite,5,0,5
2025-07-28,Single,6,0,6
2025-07-28,Double,14,0,14
2025-07-28,Suite,5,0,5
2025-07-29,Single,6,0,6
2025-07-29,Double,14,0,14
2025-07-29,Suite,5,0,5
2025-07-30,Single,6,0,6
2025-07-30,Double,14,0,14
2025-07-30,Suite,5,0,5
2025-07-31,Single,6,0,6
2025-07-31,Double,14,0,14
2025-07-31,Suite,5,0,5
2025-08-01,Single,6,0,6
2025-08-01,Double,14,0,14
2025-08-01,Suite,5,0,5
2025-08-02,Single,6,0,6
2025-08-02,Double,14,0,14
2025-08-02,Suite,5,0,5
2025-08-03,Single,6,0,6
2025-08-03,Double,14,0,14
2025-08-03,Suite,5,0,5
2025-08-04,Single,6,0,6
2025-08-04,Double,14,0,14
2025-08-04,Suite,5,0,5
2025-08-05,Single,6,0,6
2025-08-05,Double,14,0,14
2025-08-05,Suite,5,0,5
2025-08-06,Single,6,0,6
2025-08-06,Double,14,0,14
2025-08-06,Suite,5,0,5
2025-08-07,Single,6,0,6
2025-08-07,Double,14,0,14
2025-08-07,Suite,5,0,5
2025-08-08,Single,6,0,6
2025-08-08,Double,14,0,14
2025-08-08,Suite,5,0,5
2025-08-09,Single,6,0,6
2025-08-09,Double,14,0,14
2025-08-09,Suite,5,0,5
2025-08-10,Single,6,0,6
2025-08-10,Double,14,0,14
2025-08-10,Suite,5,0,5
2025-08-11,Single,6,0,6
2025-08-11,Double,14,0,14
2025-08-11,Suite,5,0,5
2025-08-12,Single,6,0,6
2025-08-12,Double,14,0,14
2025-08-12,Suite,5,0,5
2025-08-13,Single,6,0,6
2025-08-13,Double,14,0,14
2025-08-13,Suite,5,0,5
2025-08-14,Single,6,0,6
2025-08-14,Double,14,0,14
2025-08-14,Suite,5,0,5
2025-08-15,Single,6,0,6
2025-08-15,Double,14,0,14
2025-08-15,Suite,5,0,5
2025-08-16,Single,6,0,6
2025-08-16,Double,14,0,14
2025-08-16,Suite,5,0,5
2025-08-17,Single,6,0,6
2025-08-17,Double,14,0,14
2025-08-17,Suite,5,0,5
2025-08-18,Single,6,0,6
2025-08-18,Double,14,0,14
2025-08-18,Suite,5,0,5
2025-08-19,Single,6,0,6
2025-08-19,Double,14,0,14
2025-08-19,Suite,5,0,5
2025-08-20,Single,6,0,6
2025-08-20,Double,14,0,14
2025-08-20,Suite,5,0,5
2025-08-21,Single,6,0,6
2025-08-21,Double,14,0,14
2025-08-21,Suite,5,0,5
2025-08-22,Single,6,0,6
2025-08-22,Double,14,0,14
2025-08-22,Suite,5,0,5
2025-08-23,Single,6,0,6
2025-08-23,Double,14,0,14
2025-08-23,Suite,5,0,5
2025-08-24,Single,6,0,6
2025-08-24,Double,14,0,14
2025-08-24,Suite,5,0,5
2025-08-25,Single,6,0,6
2025-08-25,Double,14,0,14
2025-08-25,Suite,5,0,5
2025-08-26,Single,6,0,6
2025-08-26,Double,14,0,14
2025-08-26,Suite,5,0,5
2025-08-27,Single,6,0,6
2025-08-27,Double,14,0,14
2025-08-27,Suite,5,0,5
2025-08-28,Single,6,0,6
2025-08-28,Double,14,0,14
2025-08-28,Suite,5,0,5
2025-08-29,Single,6,0,6
2025-08-29,Double,14,0,14
2025-08-29,Suite,5,0,5
2025-08-30,Single,6,0,6
2025-08-30,Double,14,0,14
2025-08-30,Suite,5,0,5
2025-08-31,Single,6,0,6
2025-08-31,Double,14,0,14
2025-08-31,Suite,5,0,5
2025-09-01,Single,6,0,6
2025-09-01,Double,14,0,14
2025-09-01,Suite,5,0,5
2025-09-02,Single,6,0,6
2025-09-02,Double,14,0,14
2025-09-02,Suite,5,0,5
2025-09-03,Single,6,0,6
2025-09-03,Double,14,0,14
2025-09-03,Suite,5,0,5
2025-09-04,Single,6,0,6
2025-09-04,Double,14,0,14
2025-09-04,Suite,5,0,5
2025-09-05,Single,6,0,6
2025-09-05,Double,14,0,14
2025-09-05,Suite,5,0,5
2025-09-06,Single,6,0,6
2025-09-06,Double,14,0,14
2025-09-06,Suite,5,0,5
2025-09-07,Single,6,0,6
2025-09-07,Double,14,0,14
2025-09-07,Suite,5,0,5
2025-09-08,Single,6,0,6
2025-09-08,Double,14,0,14
2025-09-08,Suite,5,0,5
2025-09-09,Single,6,0,6
2025-09-09,Double,14,0,14
2025-09-09,Suite,5,0,5
2025-09-10,Single,6,0,6
2025-09-10,Double,14,0,14
2025-09-10,Suite,5,0,5
2025-09-11,Single,6,0,6
2025-09-11,Double,14,0,14
2025-09-11,Suite,5,0,5
2025-09-12,Single,6,0,6
2025-09-12,Double,14,0,14
2025-09-12,Suite,5,0,5
2025-09-13,Single,6,0,6
2025-09-13,Double,14,0,14
2025-09-13,Suite,5,0,5
2025-09-14,Single,6,0,6
2025-09-14,Double,14,0,14
2025-09-14,Suite,5,0,5
2025-09-15,Single,6,0,6
2025-09-15,Double,14,0,14
2025-09-15,Suite,5,0,5
2025-09-16,Single,6,0,6
2025-09-16,Double,14,0,14
2025-09-16,Suite,5,0,5
2025-09-17,Single,6,0,6
2025-09-17,Double,14,0,14
2025-09-17,Suite,5,0,5
2025-09-18,Single,6,0,6
2025-09-18,Double,14,0,14
2025-09-18,Suite,5,0,5
2025-09-19,Single,6,0,6
2025-09-19,Double,14,0,14
2025-09-19,Suite,5,0,5
2025-09-20,Single,6,0,6
2025-09-20,Double,14,0,14
2025-09-20,Suite,5,0,5
2025-09-21,Single,6,0,6
2025-09-21,Double,14,0,14
2025-09-21,Suite,5,0,5
2025-09-22,Single,6,0,6
2025-09-22,Double,14,0,14
2025-09-22,Suite,5,0,5
2025-09-23,Single,6,0,6
2025-09-23,Double,14,0,14
2025-09-23,Suite,5,0,5
2025-09-24,Single,6,0,6
2025-09-24,Double,14,0,14
2025-09-24,Suite,5,0,5
2025-09-25,Single,6,0,6
2025-09-25,Double,14,0,14
2025-09-25,Suite,5,0,5
2025-09-26,Single,6,0,6
2025-09-26,Double,14,0,14
2025-09-26,Suite,5,0,5
2025-09-27,Single,6,0,6
2025-09-27,Double,14,0,14
2025-09-27,Suite,5,0,5
2025-09-28,Single,6,0,6
2025-09-28,Double,14,0,14
2025-09-28,Suite,5,0,5
2025-09-29,Single,6,0,6
2025-09-29,Double,14,0,14
2025-09-29,Suite,5,0,5
2025-09-30,Single,6,0,6
2025-09-30,Double,14,0,14
2025-09-30,Suite,5,0,5
2025-10-01,Single,6,0,6
2025-10-01,Double,14,0,14
2025-10-01,Suite,5,0,5
2025-10-02,Single,6,0,6
2025-10-02,Double,14,0,14
2025-10-02,Suite,5,0,5
2025-10-03,Single,6,0,6
2025-10-03,Double,14,0,14
2025-10-03,Suite,5,0,5
2025-10-04,Single,6,0,6
2025-10-04,Double,14,0,14
2025-10-04,Suite,5,0,5
2025-10-05,Single,6,0,6
2025-10-05,Double,14,0,14
2025-10-05,Suite,5,0,5
2025-10-06,Single,6,0,6
2025-10-06,Double,14,0,14
2025-10-06,Suite,5,0,5
2025-10-07,Single,6,0,6
2025-10-07,Double,14,0,14
2025-10-07,Suite,5,0,5
2025-10-08,Single,6,0,6
2025-10-08,Double,14,0,14
2025-10-08,Suite,5,0,5
2025-10-09,Single,6,0,6
2025-10-09,Double,14,0,14
2025-10-09,Suite,5,0,5
2025-10-10,Single,6,0,6
2025-10-10,Double,14,0,14
2025-10-10,Suite,5,0,5
2025-10-11,Single,6,0,6
2025-10-11,Double,14,0,14
2025-10-11,Suite,5,0,5
2025-10-12,Single,6,0,6
2025-10-12,Double,14,0,14
2025-10-12,Suite,5,0,5
2025-10-13,Single,6,0,6
2025-10-13,Double,14,0,14
2025-10-13,Suite,5,0,5
2025-10-14,Single,6,0,6
2025-10-14,Double,14,0,14
2025-10-14,Suite,5,0,5
2025-10-15,Single,6,0,6
2025-10-15,Double,14,0,14
2025-10-15,Suite,5,0,5
2025-10-16,Single,6,0,6
2025-10-16,Double,14,0,14
2025-10-16,Suite,5,0,5
2025-10-17,Single,6,0,6
2025-10-17,Double,14,0,14
2025-10-17,Suite,5,0,5
2025-10-18,Single,6,0,6
2025-10-18,Double,14,0,14
2025-10-18,Suite,5,0,5
2025-10-19,Single,6,0,6
2025-10-19,Double,14,0,14
2025-10-19,Suite,5,0,5
2025-10-20,Single,6,0,6
2025-10-20,Double,14,0,14
2025-10-20,Suite,5,0,5
2025-10-21,Single,6,0,6
2025-10-21,Double,14,0,14
2025-10-21,Suite,5,0,5
2025-10-22,Single,6,0,6
2025-10-22,Double,14,0,14
2025-10-22,Suite,5,0,5
2025-10-23,Single,6,0,6
2025-10-23,Double,14,0,14
2025-10-23,Suite,5,0,5
2025-10-24,Single,6,0,6
2025-10-24,Double,14,0,14
2025-10-24,Suite,5,0,5
2025-10-25,Single,6,0,6
2025-10-25,Double,14,0,14
2025-10-25,Suite,5,0,5
2025-10-26,Single,6,0,6
2025-10-26,Double,14,0,14
2025-10-26,Suite,5,0,5
2025-10-27,Single,6,0,6
2025-10-27,Double,14,0,14
2025-10-27,Suite,5,0,5
2025-10-28,Single,6,0,6
2025-10-28,Double,14,0,14
2025-10-28,Suite,5,0,5
2025-10-29,Single,6,0,6
2025-10-29,Double,14,0,14
2025-10-29,Suite,5,0,5
2025-10-30,Single,6,0,6
2025-10-30,Double,14,0,14
2025-10-30,Suite,5,0,5
2025-10-31,Single,6,0,6
2025-10-31,Double,14,0,14
2025-10-31,Suite,5,0,5
2025-11-01,Single,6,0,6
2025-11-01,Double,14,1,13
2025-11-01,Suite,5,0,5
2025-11-02,Single,6,0,6
2025-11-02,Double,14,1,13
2025-11-02,Suite,5,0,5
2025-11-03,Single,6,0,6
2025-11-03,Double,14,1,13
2025-11-03,Suite,5,0,5
2025-11-04,Single,6,0,6
2025-11-04,Double,14,1,13
2025-11-04,Suite,5,0,5
2025-11-05,Single,6,0,6
2025-11-05,Double,14,1,13
2025-11-05,Suite,5,0,5
2025-11-06,Single,6,0,6
2025-11-06,Double,14,1,13
2025-11-06,Suite,5,0,5
2025-11-07,Single,6,0,6
2025-11-07,Double,14,1,13
2025-11-07,Suite,5,0,5
2025-11-08,Single,6,0,6
2025-11-08,Double,14,1,13
2025-11-08,Suite,5,0,5
2025-11-09,Single,6,0,6
2025-11-09,Double,14,1,13
2025-11-09,Suite,5,0,5
2025-11-10,Single,6,0,6
2025-11-10,Double,14,1,13
2025-11-10,Suite,5,0,5
2025-11-11,Single,6,0,6
2025-11-11,Double,14,1,13
2025-11-11,Suite,5,0,5
2025-11-12,Single,6,0,6
2025-11-12,Double,14,1,13
2025-11-12,Suite,5,0,5
2025-11-13,Single,6,0,6
2025-11-13,Double,14,1,13
2025-11-13,Suite,5,0,5
2025-11-14,Single,6,0,6
2025-11-14,Double,14,1,13
2025-11-14,Suite,5,0,5
2025-11-15,Single,6,0,6
2025-11-15,Double,14,1,13
2025-11-15,Suite,5,0,5
2025-11-16,Single,6,0,6
2025-11-16,Double,14,1,13
2025-11-16,Suite,5,0,5
2025-11-17,Single,6,0,6
2025-11-17,Double,14,1,13
2025-11-17,Suite,5,0,5
2025-11-18,Single,6,0,6
2025-11-18,Double,14,1,13
2025-11-18,Suite,5,0,5
2025-11-19,Single,6,0,6
2025-11-19,Double,14,1,13
2025-11-19,Suite,5,0,5
2025-11-20,Single,6,0,6
2025-11-20,Double,14,1,13
2025-11-20,Suite,5,0,5
2025-11-21,Single,6,0,6
2025-11-21,Double,14,1,13
2025-11-21,Suite,5,0,5
2025-11-22,Single,6,0,6
2025-11-22,Double,14,1,13
2025-11-22,Suite,5,0,5
2025-11-23,Single,6,0,6
2025-11-23,Double,14,1,13
2025-11-23,Suite,5,0,5
2025-11-24,Single,6,0,6
2025-11-24,Double,14,1,13
2025-11-24,Suite,5,0,5
2025-11-25,Single,6,0,6
2025-11-25,Double,14,1,13
2025-11-25,Suite,5,0,5
2025-11-26,Single,6,0,6
2025-11-26,Double,14,1,13
2025-11-26,Suite,5,0,5
2025-11-27,Single,6,0,6
2025-11-27,Double,14,1,13
2025-11-27,Suite,5,0,5
2025-11-28,Single,6,0,6
2025-11-28,Double,14,1,13
2025-11-28,Suite,5,0,5
2025-11-29,Single,6,0,6
2025-11-29,Double,14,1,13
2025-11-29,Suite,5,0,5
2025-11-30,Single,6,0,6
2025-11-30,Double,14,1,13
2025-11-30,Suite,5,0,5
2025-12-01,Single,6,0,6
2025-12-01,Double,14,0,14
2025-12-01,Suite,5,0,5
2025-12-02,Single,6,0,6
2025-12-02,Double,14,0,14
2025-12-02,Suite,5,0,5
2025-12-03,Single,6,0,6
2025-12-03,Double,14,0,14
2025-12-03,Suite,5,0,5
2025-12-04,Single,6,0,6
2025-12-04,Double,14,0,14
2025-12-04,Suite,5,0,5
2025-12-05,Single,6,0,6
2025-12-05,Double,14,0,14
2025-12-05,Suite,5,0,5
2025-12-06,Single,6,0,6
2025-12-06,Double,14,0,14
2025-12-06,Suite,5,0,5
2025-12-07,Single,6,0,6
2025-12-07,Double,14,0,14
2025-12-07,Suite,5,0,5
2025-12-08,Single,6,0,6
2025-12-08,Double,14,0,14
2025-12-08,Suite,5,0,5
2025-12-09,Single,6,0,6
2025-12-09,Double,14,0,14
2025-12-09,Suite,5,0,5
2025-12-10,Single,6,0,6
2025-12-10,Double,14,0,14
2025-12-10,Suite,5,0,5
2025-12-11,Single,6,0,6
2025-12-11,Double,14,0,14
2025-12-11,Suite,5,0,5
2025-12-12,Single,6,0,6
2025-12-12,Double,14,0,14
2025-12-12,Suite,5,0,5
2025-12-13,Single,6,0,6
2025-12-13,Double,14,0,14
2025-12-13,Suite,5,0,5
2025-12-14,Single,6,0,6
2025-12-14,Double,14,0,14
2025-12-14,Suite,5,0,5
2025-12-15,Single,6,0,6
2025-12-15,Double,14,0,14
2025-12-15,Suite,5,0,5
2025-12-16,Single,6,0,6
2025-12-16,Double,14,0,14
2025-12-16,Suite,5,0,5
2025-12-17,Single,6,0,6
2025-12-17,Double,14,0,14
2025-12-17,Suite,5,0,5
2025-12-18,Single,6,0,6
2025-12-18,Double,14,0,14
2025-12-18,Suite,5,0,5
2025-12-19,Single,6,0,6
2025-12-19,Double,14,0,14
2025-12-19,Suite,5,0,5
2025-12-20,Single,6,0,6
2025-12-20,Double,14,0,14
2025-12-20,Suite,5,0,5
2025-12-21,Single,6,0,6
2025-12-21,Double,14,0,14
2025-12-21,Suite,5,0,5
2025-12-22,Single,6,0,6
2025-12-22,Double,14,0,14
2025-12-22,Suite,5,0,5
2025-12-23,Single,6,0,6
2025-12-23,Double,14,0,14
2025-12-23,Suite,5,0,5
2025-12-24,Single,6,0,6
2025-12-24,Double,14,0,14
2025-12-24,Suite,5,0,5
2025-12-25,Single,6,0,6
2025-12-25,Double,14,0,14
2025-12-25,Suite,5,0,5
2025-12-26,Single,6,0,6
2025-12-26,Double,14,0,14
2025-12-26,Suite,5,0,5
2025-12-27,Single,6,0,6
2025-12-27,Double,14,0,14
2025-12-27,Suite,5,0,5
2025-12-28,Single,6,0,6
2025-12-28,Double,14,0,14
2025-12-28,Suite,5,0,5
2025-12-29,Single,6,0,6
2025-12-29,Double,14,0,14
2025-12-29,Suite,5,0,5
2025-12-30,Single,6,0,6
2025-12-30,Double,14,0,14
2025-12-30,Suite,5,0,5
2025-12-31,Single,6,0,6
2025-12-31,Double,14,0,14
2025-12-31,Suite,5,0,5
